n_slabs,iterations,time_ms,serial_time_ms,speedup,endpoint_error,mode
2,3,236.78,118.94,0.5,0.0,multiproc
4,5,228.79,118.94,0.52,3.4332275390625e-05,multiproc
8,6,248.02,118.94,0.48,2.8848648071289062e-05,multiproc
12,12,361.84,118.94,0.33,0.01342397928237915,multiproc
16,14,443.74,118.94,0.27,0.00010803341865539551,multiproc
