n_slabs,iterations,time_ms,serial_time_ms,speedup,endpoint_error,mode
2,3,242.18,120.54,0.5,0.0,multiproc
4,5,232.23,120.54,0.52,3.4332275390625e-05,multiproc
8,6,243.7,120.54,0.49,2.8848648071289062e-05,multiproc
12,12,359.65,120.54,0.34,0.01342397928237915,multiproc
16,14,433.55,120.54,0.28,0.00010803341865539551,multiproc
