n_slabs,iterations,time_ms,serial_time_ms,speedup,endpoint_error,mode
2,3,1301.65,1195.25,0.92,0.0,multiproc
4,5,1043.26,1195.25,1.15,3.387033939361572e-05,multiproc
8,8,1003.05,1195.25,1.19,2.82973051071167e-05,multiproc
16,17,1459.49,1195.25,0.82,0.0001049339771270752,multiproc
