n_slabs,iterations,time_ms,serial_time_ms,speedup,endpoint_error,mode
2,3,2216.85,1221.98,0.55,0.0,cpu
4,5,2533.43,1221.98,0.48,3.387033939361572e-05,cpu
8,8,3808.69,1221.98,0.32,2.82973051071167e-05,cpu
16,17,6485.41,1221.98,0.19,0.0001049339771270752,cpu
