n_slabs,iterations,time_ms,serial_time_ms,speedup,endpoint_error,mode
2,3,302.69,124.95,0.41,0.0,cpu
4,5,366.97,124.95,0.34,3.4332275390625e-05,cpu
8,6,507.14,124.95,0.25,2.8848648071289062e-05,cpu
12,11,601.87,124.95,0.21,0.026131123304367065,cpu
16,14,907.83,124.95,0.14,0.00010803341865539551,cpu
