n_slabs,iterations,time_ms,serial_time_ms,speedup,endpoint_error
2,3,2846.5,332.34,0.12,2.9802322387695312e-08
4,5,2416.33,332.34,0.14,8.940696716308594e-08
8,9,2232.51,332.34,0.15,2.9802322387695312e-08
12,13,2251.64,332.34,0.15,0.026109308004379272
16,17,2308.91,332.34,0.14,1.1920928955078125e-07
