n_slabs,iterations,time_ms,serial_time_ms,speedup,endpoint_error
2,3,5152.12,2304.34,0.45,0.0
4,5,6157.55,2304.34,0.37,1.5944242477416992e-06
8,9,7604.88,2304.34,0.3,1.519918441772461e-06
16,17,13445.27,2304.34,0.17,0.00010035932064056396
