n_slabs,iterations,time_ms,serial_time_ms,speedup,endpoint_error
2,3,1425.5,227.42,0.16,0.0
4,5,1902.82,227.42,0.12,2.008676528930664e-05
8,7,2484.42,227.42,0.09,3.001093864440918e-05
12,12,3745.51,227.42,0.06,0.026108771562576294
16,16,4529.36,227.42,0.05,7.158517837524414e-05
