n_slabs,iterations,time_ms,serial_time_ms,speedup,endpoint_error,mode
2,3,416.79,116.89,0.28,0.0,gpu
4,5,527.99,116.89,0.22,3.4481287002563477e-05,gpu
8,6,701.92,116.89,0.17,2.8967857360839844e-05,gpu
12,11,923.6,116.89,0.13,0.026130422949790955,gpu
16,14,1279.08,116.89,0.09,0.00010961294174194336,gpu
