n_slabs,iterations,time_ms,serial_time_ms,speedup,endpoint_error,mode
2,3,2251.07,1187.85,0.53,0.0,gpu
4,5,2594.69,1187.85,0.46,3.392994403839111e-05,gpu
8,9,3662.03,1187.85,0.32,1.4603137969970703e-06,gpu
16,17,6666.07,1187.85,0.18,6.809830665588379e-05,gpu
