n_slabs,iterations,time_ms,serial_time_ms,speedup,endpoint_error
2,3,594.61,127.73,0.21,0.0
4,4,687.02,127.73,0.19,2.8759241104125977e-06
8,8,1114.67,127.73,0.11,2.6226043701171875e-06
12,11,1245.88,127.73,0.1,0.02610146999359131
16,15,1694.12,127.73,0.08,4.678964614868164e-05
