n_slabs,iterations,time_ms,serial_time_ms,speedup,endpoint_error
2,3,3076.36,1355.04,0.44,0.0
4,5,3438.59,1355.04,0.39,1.1324882507324219e-06
8,9,3733.12,1355.04,0.36,4.538893699645996e-05
16,16,6173.15,1355.04,0.22,4.450976848602295e-05
